<?xml version="1.0" encoding="UTF-8"?>
<database>
    
    <!-- LABELS -->
    <label name="@string/busines_label" id="1" />
    <label name="@string/private_label" id="2" />
    <label name="@string/samples_label" id="3" />
    <label name="@string/web_accounts_label" id="4" type="web_accounts" />
    
    <!-- TEMPLATES -->
    <card title="@string/credit_card_template" id="101" symbol="credit_card" color="gray" template="true">
        <field name="@string/number_field" type="number" />
        <field name="@string/owner_field" type="text" />
        <field name="@string/expires_field" type="expiry" />
        <field name="@string/cvv_field" type="pin" />
        <field name="@string/pin_field" type="pin" />
        <field name="@string/blocking_field" type="phone" />
    </card>
    <card title="@string/web_account_template" id="102" symbol="web_site" color="gray" template="true">
        <field name="@string/login_field" type="login" />
        <field name="@string/password_field" type="password" />
        <field name="@string/url_field" type="website" />
    </card>
    <card title="@string/email_account_template" id="103" symbol="email" color="gray" template="true">
        <field name="@string/email_field" type="login" />
        <field name="@string/password_field" type="password" />
        <field name="@string/url_field" type="website" />
    </card>
    <card title="@string/login_password_template" id="104" symbol="key" color="gray" template="true">
        <field name="@string/login_field" type="login" />
        <field name="@string/password_field" type="password" />
    </card>
    <card title="@string/code_template" id="100" symbol="lock" color="gray" template="true">
        <field name="@string/code_field" type="password" />
    </card>
    <card title="@string/id_passport_template" id="105" symbol="passport" color="gray" template="true">
        <field name="@string/number_field" type="number" />
        <field name="@string/name_field" type="text" />
        <field name="@string/birthday_field" type="date" />
        <field name="@string/issued_field" type="date" />
        <field name="@string/expires_field" type="expiry" />
    </card>
    <card title="@string/insurance_template" id="106" symbol="insurance" color="gray" template="true">
        <field name="@string/number_field" type="number" />
        <field name="@string/expires_field" type="expiry" />
        <field name="@string/phone_field" type="phone" />
    </card>
    <card title="@string/membership_template" id="107" symbol="membership" color="gray" template="true">
        <field name="@string/number_field" type="number" />
        <field name="@string/password_field" type="password" />
        <field name="@string/url_field" type="website" />
        <field name="@string/phone_field" type="phone" />
    </card>
    <!-- NEW TEMPLATES -->
    <card title="@string/bank_account_template" id="108" symbol="bank" color="gray" template="true">
        <field name="@string/bank_field" type="text" />
        <field name="@string/holder_field" type="text" />
        <field name="@string/account_field" type="number" />
        <field name="@string/type_field" type="text" />
        <field name="@string/swift_field" type="text" />
        <field name="@string/iban_field" type="text" />
        <field name="@string/phone_field" type="phone" />
    </card>
    <card title="@string/driving_license_template" id="109" symbol="id" color="gray" template="true">
        <field name="@string/number_field" type="text" />
        <field name="@string/name_field" type="text" />
        <field name="@string/birthday_field" type="date" />
        <field name="@string/class_field" type="text" />
        <field name="@string/expires_field" type="expiry" />
    </card>
    <card title="@string/social_security_template" id="110" symbol="social_security" color="gray" template="true">
        <field name="@string/number_field" type="number" />
        <field name="@string/name_field" type="text" />
    </card>
    <card title="@string/wifi_router_template" id="111" symbol="router" color="gray" template="true">
        <field name="@string/network_field" type="text" />
        <field name="@string/ip_address_field" type="number" />
        <field name="@string/admin_password_field" type="password" />
        <field name="@string/wifi_password_field" type="password" />
    </card>
    <card title="@string/internet_provider_template" id="112" symbol="network" color="gray" template="true">
        <field name="@string/protocol_field" type="text" />
        <field name="@string/login_field" type="login" />
        <field name="@string/password_field" type="password" />
        <field name="@string/dns_field" type="number" />
        <field name="@string/dns_2_field" type="number" />
    </card>
    <card title="@string/software_license_template" id="113" symbol="cd" color="gray" template="true">
        <field name="@string/email_field" type="login" />
        <field name="@string/key_field" type="text" />
        <field name="@string/url_field" type="website" />
    </card>
    <card title="@string/another_template" id="114" color="gray" template="true">
    </card>
    
    <!-- SAMPLES -->
    <card title="@string/google_sample" id="300" symbol="g" color="blue">
        <field name="@string/email_field" type="login">john555@gmail.com</field>
        <field name="@string/password_field" type="password">plain79{Area{</field>
        <field name="@string/url_field" type="website">https://www.google.com</field>
        <label_id>3</label_id>
    </card>
    <card title="@string/facebook_sample" id="301" symbol="f" color="0xff3f5ca8">
        <field name="@string/login_field" type="login">john555@gmail.com</field>
        <field name="@string/password_field" type="password">early91*Fail*</field>
        <field name="@string/url_field" type="website">https://www.facebook.com</field>
        <label_id>3</label_id>
    </card>
    <card title="@string/twitter_sample" id="302" symbol="t" color="blue">
        <field name="@string/login_field" type="login">john555@gmail.com</field>
        <field name="@string/password_field" type="password">Best23^Get^</field>
        <field name="@string/url_field" type="website">https://twitter.com</field>
        <label_id>3</label_id>
    </card>
    <card title="@string/laptop_sample" id="303" symbol="laptop" color="gray">
        <field name="@string/login_field" type="login">john555</field>
        <field name="@string/password_field" type="password">Save63\apple\</field>
        <label_id>3</label_id>
    </card>
    <card title="@string/passport_sample" id="203" symbol="passport" color="purple">
        <field name="@string/number_field" type="number">555111111</field>
        <field name="@string/name_field" type="text">John Smith</field>
        <field name="@string/birthday_field" type="date">05/05/1980</field>
        <field name="@string/issued_field" type="date">01/01/2018</field>
        <field name="@string/expires_field" type="expiry">01/01/2028</field>
        <label_id>3</label_id>
    </card>
    <card title="@string/visa_card_sample" id="205" symbol="visa" color="0xff3f5ca8">
        <field name="@string/number_field" type="number">5555123456789000</field>
        <field name="@string/owner_field" type="text">John Smith</field>
        <field name="@string/expires_field" type="expiry">01/23</field>
        <field name="@string/cvv_field" type="pin">555</field>
        <field name="@string/pin_field" type="pin">1111</field>
        <field name="@string/blocking_field" type="phone">555-0153</field>
        <label_id>3</label_id>
    </card>
    <card title="@string/note_sample" id="206" symbol="note" color="yellow" type="note">
        <notes>@string/note_text</notes>
        <label_id>3</label_id>
    </card>
    
</database>

